<?xml version="1.0" encoding="UTF-8"?>
<beans:beans
	xmlns="http://www.springframework.org/schema/mvc"
	xmlns:xsi="http://www.w3.org/2001/XMLSchema-instance"
	xmlns:beans="http://www.springframework.org/schema/beans"
	xmlns:context="http://www.springframework.org/schema/context"
	xsi:schemaLocation="http://www.springframework.org/schema/mvc https://www.springframework.org/schema/mvc/spring-mvc.xsd
		http://www.springframework.org/schema/beans https://www.springframework.org/schema/beans/spring-beans.xsd
		http://www.springframework.org/schema/context https://www.springframework.org/schema/context/spring-context.xsd">

	<!-- DispatcherServlet Context: defines this servlet's request-processing 
		infrastructure -->

	<!-- Enables the Spring MVC @Controller programming model -->
	<annotation-driven />

	<!-- Handles HTTP GET requests for /resources/** by efficiently serving 
		up static resources in the ${webappRoot}/resources directory -->
	<resources mapping="/resources/**" location="/resources/" />

	<!-- Resolves views selected for rendering by @Controllers to .jsp resources 
		in the /WEB-INF/views directory -->
	<beans:bean
		class="org.springframework.web.servlet.view.InternalResourceViewResolver">
		<beans:property name="prefix" value="/WEB-INF/views/" />
		<beans:property name="suffix" value=".jsp" />
	</beans:bean>

	<context:component-scan
		base-package="com.clinic.pet" >
		<context:include-filter type="annotation" expression="org.springframework.stereotype.Repository"/>
		</context:component-scan>

	<resources mapping="/javascript/**"
		location="/resources/javascript/" />
	<resources mapping="/css/**" location="/resources/css/" />
	<resources mapping="/image/**" location="/resources/image/" />


	<beans:bean id="multipartResolver"
		class="org.springframework.web.multipart.commons.CommonsMultipartResolver">

		<beans:property name="defaultEncoding" value="UTF-8" />

		<beans:property name="maxUploadSize" value="10485760" />

	</beans:bean>

	<beans:bean id="uploadPath" class="java.lang.String">
		<beans:constructor-arg
			value="D:\\springSTS2020\\Workspace\\PetClinic\\src\\main\\webapp\\resources\\image\\upload">
		</beans:constructor-arg>
	</beans:bean>
	
	<beans:bean name="dataSource"
		class="org.springframework.jdbc.datasource.DriverManagerDataSource">
		<beans:property name="driverClassName"
			value="oracle.jdbc.driver.OracleDriver" />
		<beans:property name="url"
			value="jdbc:oracle:thin:@localhost:1521:xe" />
		<beans:property name="username" value="scott" />
		<beans:property name="password" value="tiger" />
	</beans:bean>
	<beans:bean id="sqlSessionFactory"
		class="org.mybatis.spring.SqlSessionFactoryBean">
		<beans:property name="dataSource" ref="dataSource"></beans:property>
		<beans:property name="mapperLocations"
			value="classpath:com/clinic/pet/dao/mapper/*.xml"></beans:property>
	</beans:bean>

	<beans:bean id="sqlSession"
		class="org.mybatis.spring.SqlSessionTemplate">
		<beans:constructor-arg index="0"
			ref="sqlSessionFactory"></beans:constructor-arg>
	</beans:bean>


</beans:beans>
